Name,Age,Department,Project,Status,Priority
John Doe,32,Engineering,Website Redesign,In Progress,High
Jane Smith,28,Marketing,Social Media Campaign,Completed,Medium
Mike Johnson,35,Engineering,Mobile App,Not Started,High
Sarah Williams,30,Design,Brand Guidelines,In Progress,Low
Tom Brown,27,Marketing,Email Newsletter,Completed,Medium
Lisa Davis,33,Engineering,Database Migration,In Review,High
James Wilson,29,Design,Product Mockups,Not Started,Medium
Emily Taylor,31,Marketing,Market Research,In Progress,Low
David Miller,34,Engineering,API Integration,In Review,High
Anna White,26,Design,UI Components,Completed,Medium 